"Time_Iter","Outer_Iter","Inner_Iter",    "rms[Rho]"    ,    "rms[RhoU]"   ,    "rms[RhoV]"   ,    "rms[RhoE]"   ,     "rms[nu]"    
          0,           0,           0,      -3.932530084,      -3.817258422,      -4.342039525,      -3.436468161,      -7.782568331
          0,           0,           1,      -3.833092367,      -4.200777204,      -4.373504129,      -3.370802238,      -7.504418442
          0,           0,           2,       -3.75551904,      -3.776602854,       -4.37513589,      -3.304240733,      -7.431617202
          0,           0,           3,      -3.789440488,      -3.565638182,      -4.439809586,      -3.358552117,      -7.415708141
          0,           0,           4,      -4.089953958,      -3.514211992,      -4.549725868,      -3.663758702,       -7.82360709
          0,           0,           5,       -3.94694994,      -3.890073732,       -4.51009984,      -3.415293838,      -7.697462889
          0,           0,           6,      -3.864208624,      -3.947599701,      -4.385912408,      -3.400846615,      -7.669918584
          0,           0,           7,      -4.091727125,      -3.975397558,      -4.322859492,       -3.63855633,       -7.69798782
          0,           0,           8,      -4.305909362,      -3.965032818,       -4.24571378,      -3.792418317,      -7.872901738
          0,           0,           9,      -4.358263704,       -4.40892054,      -4.476453352,      -3.897763935,       -7.85197928
          0,           0,          10,      -4.512401783,      -4.203490267,         -4.563243,      -4.047722649,      -7.804503534
          0,           0,          11,      -4.501838946,      -4.095003555,      -4.462975574,      -3.986739286,      -7.577995379
          0,           0,          12,      -4.441224162,      -4.004926684,      -4.413161361,      -3.990526096,       -7.44727084
          0,           0,          13,      -4.450205054,       -4.40162518,      -4.615263462,      -3.998240267,      -7.408359203
          0,           0,          14,      -4.574526871,      -4.657700066,      -4.638770541,      -4.152256302,      -7.522541524
          0,           0,          15,      -4.851478175,      -4.749153926,      -4.825232034,      -4.391545896,      -7.438761836
          0,           0,          16,      -5.016863914,      -4.194303558,      -5.073293828,      -4.360692384,      -7.581481619
          0,           0,          17,      -4.694629699,      -4.554543454,      -4.786199594,      -4.200710884,      -7.557102714
          0,           0,          18,      -4.718438427,      -4.872980455,       -4.72425994,       -4.28044397,      -7.705694727
          0,           0,          19,      -4.942904212,      -4.195296751,      -4.937692515,      -4.329105245,      -7.623537464
          0,           0,          20,      -4.630119091,      -4.136036136,      -4.487292819,      -4.106146462,      -7.756319232
          0,           0,          21,      -4.498978607,      -4.098995911,      -4.379649243,      -3.956305535,      -7.751412591
          0,           0,          22,      -4.499328021,      -4.565996749,      -4.617157608,      -4.031601894,      -7.858325033
          0,           0,          23,      -4.658505007,      -4.811393688,        -4.7101353,      -4.255205957,      -7.888373224
          0,           0,          24,      -4.953141717,      -4.207813993,      -4.992231458,      -4.357006922,      -7.898561525
          0,           0,          25,      -4.657444047,      -4.366415075,      -4.525275751,      -4.205973253,      -8.008468156
          0,           0,          26,      -4.747103405,      -4.590435925,      -4.981741709,      -4.261852928,      -8.018423968
          0,           0,          27,      -4.893135289,      -4.541633503,      -5.007840963,      -4.345815526,       -8.02714314
          0,           0,          28,      -4.632452048,      -4.885865298,      -4.572960537,        -4.1303781,      -8.034336616
          0,           0,          29,       -4.70827521,      -4.723602791,      -4.678316723,      -4.229217544,      -8.146703676
          0,           0,          30,      -4.870951963,      -4.901782842,      -4.903695173,      -4.420976433,      -8.151953731
          0,           0,          31,      -5.046643021,      -5.043830212,      -5.120630337,       -4.59761377,      -8.158502448
          0,           0,          32,      -5.251361159,       -5.17306591,      -5.318449297,      -4.783890371,      -7.886883377
          0,           0,          33,      -5.440211576,      -5.286111474,      -5.489562721,      -4.933735694,      -8.263878108
          0,           0,          34,      -5.640427668,      -5.421720156,      -5.692039379,      -5.144615639,      -8.272152361
          0,           0,          35,      -5.806022351,        -5.4966174,       -5.84657005,      -5.291924972,      -8.279356868
          0,           0,          36,      -5.883103281,      -5.527970577,      -5.919656622,      -5.338563069,      -8.337372372
          0,           0,          37,      -5.978249338,      -5.566024597,      -5.989073722,      -5.428633264,       -8.34238496
          0,           0,          38,      -6.042260817,      -5.591442384,      -6.027900474,      -5.484025579,      -8.347120195
          0,           0,          39,      -6.027690837,      -5.606462619,      -6.047678843,      -5.468316788,      -8.404311138
          0,           0,          40,      -6.107095379,      -5.636484285,      -6.081942739,      -5.549301118,      -8.407098143
          0,           0,          41,      -6.152970937,      -5.659727833,      -6.106103798,      -5.598022455,       -8.40966084
          0,           0,          42,      -6.114156392,      -5.674524252,      -6.124206762,      -5.566040001,      -8.467323142
          0,           0,          43,      -6.182052566,      -5.701219997,       -6.14848324,      -5.641488116,      -8.469109849
          0,           0,          44,      -6.214515732,      -5.723000578,      -6.167862607,      -5.680139679,       -8.47062567
          0,           0,          45,      -6.163008608,      -5.737753752,      -6.181227922,      -5.628602848,       -8.52856303
          0,           0,          46,      -6.218829763,        -5.7630138,      -6.202796523,      -5.694058022,       -8.52973394
          0,           0,          47,      -6.238451902,       -5.78396161,      -6.219325382,      -5.717363588,       -8.53054628
          0,           0,          48,      -6.174043516,      -5.796907835,      -6.213232884,      -5.644551517,      -8.588396876
          0,           0,          49,      -6.226932724,      -5.821349047,      -6.244476659,        -5.7059772,      -8.589168736
          0,           0,          50,      -6.244118093,      -5.841472551,      -6.262902502,      -5.724879848,      -8.589591833
          0,           0,          51,       -6.18009372,      -5.851570461,      -6.237002454,      -5.650622009,      -8.647026201
          0,           0,          52,      -6.237219898,      -5.875696106,      -6.281539042,      -5.715787328,      -8.647573676
          0,           0,          53,      -6.262057225,      -5.895445255,      -6.304700621,      -5.743364082,      -8.647843336
          0,           0,          54,      -6.212817404,      -5.904194866,      -6.273383942,      -5.685212051,      -8.704569522
          0,           0,          55,      -6.272700702,      -5.927682391,      -6.322507408,      -5.753914361,      -8.705032348
          0,           0,          56,      -6.306986185,      -5.947353283,      -6.347933449,      -5.793072199,      -8.705481425
          0,           0,          57,      -6.277885039,       -5.95705232,      -6.324808026,      -5.755992022,      -8.761264596
          0,           0,          58,      -6.336215094,      -5.978809703,       -6.36809674,      -5.824678455,      -8.761808788
          0,           0,          59,      -6.376672675,      -5.997743037,       -6.39176465,      -5.871979123,       -8.76264322
          0,           0,          60,      -6.365224625,      -6.008932337,      -6.381552925,      -5.851989613,      -8.794249588
          0,           0,          61,      -6.404840737,      -6.031978518,      -6.405393284,      -5.893046311,      -8.796893718
          0,           0,          62,      -6.396751006,      -6.045109883,      -6.396961532,      -5.873076943,      -8.905061904
          0,           0,          63,      -6.504874888,      -6.080357474,      -6.454848481,      -5.998401348,      -8.906349714
          0,           0,          64,       -6.57708296,      -6.100146804,      -6.491129053,      -6.079291148,      -8.908656213
          0,           0,          65,      -6.578466473,      -6.109455742,      -6.498607794,      -6.063625417,      -8.939687417
          0,           0,          66,      -6.579395333,      -6.120204372,      -6.511684152,      -6.052348963,      -8.970383282
          0,           0,          67,      -6.597747081,      -6.132938508,      -6.529870124,      -6.063383969,      -9.000500453
          0,           0,          68,      -6.611109716,      -6.143280286,      -6.545526264,      -6.069499642,      -9.007077896
          0,           0,          69,      -6.586993114,      -6.143328676,      -6.539484108,      -6.031502904,      -9.101861976
          0,           0,          70,      -6.617533629,      -6.158411225,      -6.569182925,      -6.065557597,      -9.103871312
          0,           0,          71,      -6.643219723,      -6.164075674,      -6.593380241,      -6.089789896,      -9.107700814
          0,           0,          72,      -6.622607738,      -6.161541199,      -6.595943907,      -6.061116799,      -9.116768524
          0,           0,          73,      -6.570256563,      -6.150716385,      -6.577029773,      -5.998799625,      -9.203752382
          0,           0,          74,      -6.572726148,      -6.161049624,       -6.59854939,      -6.005380498,      -9.206081994
          0,           0,          75,      -6.587797643,      -6.161525402,      -6.623033658,      -6.019700615,      -9.210414803
          0,           0,          76,      -6.563880265,       -6.15213448,      -6.621785576,       -5.99026629,      -9.220723134
          0,           0,          77,        -6.5104631,      -6.134785536,      -6.592269619,      -5.931221932,      -9.299052733
          0,           0,          78,       -6.49757282,      -6.139220394,      -6.601969441,      -5.921446619,      -9.301494915
          0,           0,          79,      -6.507062981,      -6.134152263,        -6.6266955,      -5.929617056,      -9.306067195
          0,           0,          80,      -6.482709713,      -6.118948126,      -6.624248236,      -5.901815902,      -9.317094994
          0,           0,          81,      -6.430854729,      -6.097561387,      -6.588910741,      -5.847772325,      -9.385713409
          0,           0,          82,      -6.407911482,      -6.095416626,      -6.580454522,      -5.827032312,      -9.388153226
          0,           0,          83,      -6.414365229,      -6.085051562,      -6.604236078,      -5.831606444,      -9.392693858
          0,           0,          84,      -6.390155978,      -6.065083765,       -6.60269127,      -5.805221447,      -9.403560249
          0,           0,          85,      -6.339013776,      -6.040889127,      -6.563790443,      -5.753982631,      -9.461268193
          0,           0,          86,       -6.31019163,      -6.032878399,       -6.53414876,      -5.726988346,      -9.463518782
          0,           0,          87,      -6.314848195,       -6.01802456,      -6.556515798,      -5.729511286,      -9.467567644
          0,           0,          88,      -6.290306889,      -5.994072913,      -6.556502253,      -5.703459434,      -9.477030221
          0,           0,          89,      -6.238948348,      -5.967574394,        -6.5145316,      -5.653134837,      -9.522972381
          0,           0,          90,      -6.207324719,      -5.955121983,      -6.466277701,      -5.623209645,      -9.524763064
          0,           0,          91,      -6.210948345,      -5.936829246,      -6.487585015,       -5.62463432,      -9.527769827
          0,           0,          92,      -6.185914722,      -5.909726874,      -6.488978757,      -5.598418872,      -9.534638667
          0,           0,          93,      -6.134075529,      -5.881341741,      -6.444849473,      -5.548163419,      -9.557528533
          0,           0,          94,      -6.092031328,      -5.856125233,      -6.406567449,       -5.50766955,      -9.567970159
          0,           0,          95,      -6.059689319,      -5.825705948,      -6.371186257,      -5.475421408,      -9.605960912
          0,           0,          96,      -6.028953025,       -5.80873868,      -6.318864273,      -5.445687834,      -9.606847433
          0,           0,          97,      -6.027723366,      -5.784382685,      -6.341403817,      -5.442140555,      -9.606715044
          0,           0,          98,      -5.994228108,      -5.753795429,      -6.325776382,      -5.408507227,      -9.605026623
          0,           0,          99,      -5.947501914,      -5.723410691,      -6.282374584,      -5.363487068,      -9.618785002
          0,           0,         100,      -5.915392684,      -5.704564313,      -6.214631029,      -5.332692305,        -9.6176569
          0,           0,         101,      -5.917194693,      -5.679278975,      -6.237996424,      -5.332113884,      -9.614498271
          0,           0,         102,      -5.886279064,      -5.646836814,      -6.230132201,       -5.30075075,       -9.60788525
          0,           0,         103,      -5.835645153,       -5.61538119,      -6.184799183,      -5.252094196,      -9.592734534
          0,           0,         104,      -5.793640001,      -5.583375186,      -6.141610737,      -5.211485242,      -9.595649765
          0,           0,         105,        -5.7596814,      -5.560087308,      -6.074109217,      -5.178579945,      -9.592347214
          0,           0,         106,       -5.75374194,      -5.530435405,      -6.089769527,      -5.170730301,      -9.584814467
          0,           0,         107,      -5.715243726,      -5.496638809,      -6.063493989,      -5.132646146,      -9.569527194
          0,           0,         108,      -5.669527813,      -5.464076003,      -6.021540184,      -5.088622423,       -9.56687834
          0,           0,         109,      -5.634796413,       -5.44056031,      -5.947292739,      -5.055229494,      -9.563553465
          0,           0,         110,      -5.632068968,       -5.41067878,      -5.966435922,       -5.05055818,      -9.556957186
          0,           0,         111,      -5.594944691,      -5.375516383,      -5.946045952,      -5.013691226,      -9.544425629
          0,           0,         112,      -5.545085968,       -5.34196477,        -5.9007342,      -4.965822988,      -9.521530841
          0,           0,         113,       -5.50277819,      -5.307636626,      -5.857288941,      -4.924869003,      -9.518892507
          0,           0,         114,      -5.465782936,      -5.280134646,      -5.786782153,       -4.88915878,      -9.514372871
          0,           0,         115,       -5.45524755,      -5.247159034,      -5.794712809,      -4.877416273,      -9.505561178
          0,           0,         116,       -5.41279965,      -5.211487504,      -5.760178881,      -4.835951139,      -9.489794375
          0,           0,         117,      -5.367615361,      -5.177232504,        -5.7180798,      -4.792535673,      -9.476133031
          0,           0,         118,      -5.326705543,      -5.142875553,      -5.671767095,      -4.752936071,      -9.464940307
          0,           0,         119,      -5.290963482,      -5.108860121,      -5.631328452,      -4.718250494,      -9.446366479
          0,           0,         120,      -5.255388812,      -5.074589462,      -5.594363267,      -4.683726913,      -9.458807877
          0,           0,         121,       -5.21864184,      -5.046284797,      -5.536237877,      -4.648534841,      -9.455258484
          0,           0,         122,      -5.206559833,      -5.015343331,      -5.535665547,      -4.636249727,      -9.448699176
          0,           0,         123,       -5.16827075,      -4.984999166,      -5.498741547,       -4.59950384,      -9.439198479
          0,           0,         124,      -5.136117641,      -4.959087643,      -5.464563844,      -4.569120119,      -9.457968931
          0,           0,         125,      -5.108799399,      -4.941895631,      -5.407246369,      -4.543620036,      -9.456270137
          0,           0,         126,      -5.125678482,      -4.931085144,      -5.421530303,      -4.560231057,       -9.45313273
          0,           0,         127,      -5.120122475,       -4.93044336,      -5.405316722,      -4.556009033,      -9.448710239
          0,           0,         128,      -5.138555591,      -4.952265238,      -5.399614497,       -4.57586711,      -9.447535181
          0,           0,         129,       -5.19780699,      -5.004860601,      -5.412058904,      -4.635525787,      -9.499227963
          0,           0,         130,      -5.294323933,      -5.091913916,      -5.443809887,      -4.731536738,      -9.501519532
          0,           0,         131,      -5.500216916,      -5.225253475,      -5.558778977,      -4.932166292,      -9.503604353
          0,           0,         132,      -5.679128031,      -5.363618722,      -5.698176768,      -5.101252567,      -9.520193053
          0,           0,         133,      -5.843183479,      -5.485127568,      -5.878742413,      -5.254120725,      -9.552221533
          0,           0,         134,      -6.002620526,      -5.569598032,      -6.038601224,      -5.403020742,      -9.552898832
          0,           0,         135,      -6.107413266,      -5.628415609,       -6.19530341,      -5.492381216,      -9.554037629
          0,           0,         136,      -6.131798628,      -5.674963543,       -6.33764264,      -5.518405281,      -9.556018201
          0,           0,         137,      -6.178719904,      -5.728407522,      -6.440740484,      -5.572268003,      -9.584821089
          0,           0,         138,       -6.29736936,      -5.775322833,      -6.525193451,      -5.690284133,      -9.585334077
          0,           0,         139,      -6.374409554,      -5.813543284,       -6.58245175,      -5.754539993,      -9.586312284
          0,           0,         140,      -6.367264985,      -5.845418386,      -6.621394808,        -5.7505464,      -9.593680889
          0,           0,         141,      -6.421233953,       -5.88747122,      -6.686241029,       -5.80901913,      -9.601109284
          0,           0,         142,      -6.480917614,      -5.926201596,      -6.733781172,      -5.861805092,      -9.608647998
          0,           0,         143,      -6.535121799,       -5.96426331,      -6.780371001,      -5.913678575,      -9.616318887
          0,           0,         144,      -6.588495179,      -6.001103298,      -6.826095216,      -5.962047973,      -9.624127905
          0,           0,         145,      -6.639431551,      -6.037225268,      -6.868395419,      -6.008149626,      -9.637668003
          0,           0,         146,      -6.739473991,      -6.066805324,      -6.901216648,       -6.10109988,      -9.637881916
          0,           0,         147,      -6.845243935,      -6.098047151,      -6.949659052,      -6.190683246,      -9.638341346
          0,           0,         148,      -6.806973362,      -6.118688167,      -6.970131388,      -6.150114191,      -9.639240614
          0,           0,         149,      -6.783065857,      -6.145130348,      -6.980202207,      -6.137993379,      -9.655758008
          0,           0,         150,      -6.871194001,      -6.172301426,      -7.007274183,      -6.218050956,      -9.655952429
          0,           0,         151,      -6.993915806,       -6.20391332,      -7.044649144,      -6.317740532,      -9.656367863
          0,           0,         152,      -6.948605084,      -6.222806518,      -7.054960826,      -6.274270126,      -9.657197016
          0,           0,         153,      -6.905590446,      -6.246224104,      -7.048454744,      -6.250421089,      -9.674389387
          0,           0,         154,      -6.984935093,      -6.272327574,      -7.073428815,      -6.321015756,      -9.674549688
          0,           0,         155,      -7.110015883,      -6.303716403,      -7.102716259,      -6.418744378,      -9.674902045
          0,           0,         156,      -7.059557243,      -6.321157979,      -7.107409127,      -6.374436399,       -9.67561101
          0,           0,         157,      -7.002215126,      -6.342023765,      -7.094823778,       -6.34278235,      -9.693446834
          0,           0,         158,      -7.076466293,       -6.36794397,      -7.117421961,      -6.409095525,      -9.693566459
          0,           0,         159,       -7.20059322,      -6.399286983,       -7.14010742,      -6.505961216,      -9.693838013
          0,           0,         160,      -7.148857028,      -6.415083266,       -7.14075594,      -6.461634593,      -9.694392288
          0,           0,         161,      -7.082936605,      -6.433576744,      -7.126429485,      -6.425813693,       -9.71281709
          0,           0,         162,      -7.154374985,      -6.459190766,       -7.14804488,      -6.490086069,      -9.712884597
          0,           0,         163,      -7.274434659,      -6.490003117,      -7.166280556,      -6.585704624,      -9.713055933
          0,           0,         164,      -7.226886685,      -6.504142563,      -7.165137758,      -6.543255797,      -9.713415433
          0,           0,         165,      -7.155146007,      -6.520145405,       -7.15134813,      -6.503637019,      -9.732336864
          0,           0,         166,      -7.224479731,        -6.5449364,      -7.172227948,       -6.56662041,      -9.732339066
          0,           0,         167,      -7.337778259,      -6.574486381,      -7.187271463,      -6.659980693,      -9.732381616
          0,           0,         168,      -7.297321221,      -6.586976761,      -7.185506145,       -6.61998203,      -9.732476699
          0,           0,         169,      -7.220672941,       -6.60031826,      -7.173036923,      -6.575437754,      -9.751767432
          0,           0,         170,      -7.289122073,      -6.623872252,      -7.192862104,      -6.638283324,      -9.751689647
          0,           0,         171,        -7.3947818,      -6.651589305,      -7.205521478,       -6.72921687,      -9.751584262
          0,           0,         172,      -7.361598144,      -6.662475024,      -7.203646952,       -6.69127635,      -9.751383058
          0,           0,         173,      -7.280619794,      -6.673231759,      -7.192643243,      -6.641109271,      -9.770885639
          0,           0,         174,      -7.349447951,      -6.695225702,      -7.211218687,       -6.70488774,      -9.770707153
          0,           0,         175,      -7.447527956,      -6.720699672,      -7.222054725,      -6.793618004,      -9.770393555
          0,           0,         176,      -7.420615366,      -6.730190284,      -7.220313094,      -6.757720833,      -9.769799113
          0,           0,         177,      -7.335710708,      -6.738656746,      -7.210637174,      -6.701687199,       -9.78932297
          0,           0,         178,      -7.405914895,      -6.758809256,      -7.227951725,      -6.767215796,      -9.789032678
          0,           0,         179,      -7.496818263,       -6.78171615,      -7.237348041,      -6.854050328,      -9.788502033
          0,           0,         180,      -7.474614296,      -6.790082476,       -7.23581887,      -6.820325055,      -9.787514505
          0,           0,         181,      -7.386351631,      -6.796648615,      -7.227255212,      -6.758342585,      -9.806867295
          0,           0,         182,       -7.45864066,      -6.814772553,      -7.243363144,       -6.82645155,      -9.806457888
          0,           0,         183,       -7.54303732,      -6.834898223,      -7.251599441,       -6.91188013,      -9.805692295
          0,           0,         184,      -7.523943337,      -6.842382451,      -7.250281515,      -6.880265681,      -9.804253853
          0,           0,         185,      -7.432995032,      -6.847491776,      -7.242590076,      -6.812283808,      -9.823221379
          0,           0,         186,      -7.507772975,      -6.863488364,      -7.257598814,      -6.883709035,      -9.822690842
          0,           0,         187,      -7.586585012,      -6.880751118,      -7.264894846,      -6.968212585,      -9.821689761
          0,           0,         188,      -7.569216929,      -6.887555659,      -7.263753995,      -6.938459422,      -9.819805247
          0,           0,         189,      -7.476170284,      -6.891636251,      -7.256703206,       -6.86424109,      -9.838178094
          0,           0,         190,      -7.553637537,      -6.905527734,      -7.270749366,       -6.93960871,      -9.837530235
          0,           0,         191,      -7.628075235,      -6.920025582,      -7.277287195,      -7.023615401,      -9.836298552
          0,           0,         192,        -7.6113915,      -6.926311067,      -7.276279444,      -6.995287482,      -9.833973947
          0,           0,         193,      -7.516589372,      -6.929738278,      -7.269666583,      -6.914458206,      -9.851546863
          0,           0,         194,      -7.596824522,        -6.9416841,      -7.282896232,      -6.994262596,      -9.850784989
          0,           0,         195,      -7.668317725,      -6.953701601,      -7.288829884,      -7.078176915,      -9.849337893
          0,           0,         196,      -7.651663768,      -6.959601211,      -7.287911031,      -7.050757681,      -9.846607076
          0,           0,         197,      -7.555067694,      -6.962677273,      -7.281562738,      -6.962922786,      -9.863199763
          0,           0,         198,      -7.638129794,      -6.972943963,      -7.294128191,       -7.04747976,       -9.86232727
          0,           0,         199,      -7.708197893,      -6.982896503,      -7.299590577,      -7.131697051,      -9.860664152
          0,           0,         200,      -7.691228277,      -6.988526101,      -7.298719405,      -7.104708687,      -9.857555775
          0,           0,         201,      -7.592392463,      -6.991468638,      -7.292486907,      -7.009538136,      -9.873048528
          0,           0,         202,      -7.678399796,      -7.000378454,      -7.304546876,      -7.098973099,      -9.872090303
          0,           0,         203,      -7.748507019,      -7.008729241,      -7.309657252,      -7.183896264,      -9.870266186
          0,           0,         204,      -7.731063653,      -7.014187723,      -7.308797579,      -7.156973865,      -9.866869951
          0,           0,         205,      -7.629203922,      -7.017133351,      -7.302554352,      -7.054248183,       -9.88119113
          0,           0,         206,       -7.71835449,      -7.025012169,      -7.314270776,      -7.148519133,       -9.88017321
          0,           0,         207,      -7.789787454,      -7.032197469,      -7.319139199,      -7.234563768,      -9.878236348
          0,           0,         208,      -7.771796242,      -7.037563595,      -7.318261946,      -7.207485591,      -9.874638619
          0,           0,         209,      -7.665916028,      -7.040582547,      -7.311906098,      -7.097094239,      -9.887758659
          0,           0,         210,      -7.758459867,      -7.047722381,      -7.323436332,       -7.19604529,      -9.886701664
          0,           0,         211,      -7.832248926,      -7.054105895,      -7.328163731,      -7.283633567,      -9.884691937
          0,           0,         212,      -7.813663257,      -7.059436605,      -7.327249089,      -7.256311039,      -9.880968424
          0,           0,         213,      -7.702704174,       -7.06255288,      -7.320708644,      -7.138217789,      -9.892907269
          0,           0,         214,       -7.79888747,      -7.069193146,      -7.332195226,      -7.241644968,      -9.891834133
          0,           0,         215,      -7.875766868,      -7.075050749,      -7.336870862,      -7.331190812,      -9.889795965
          0,           0,         216,      -7.856554861,      -7.080382875,      -7.335909896,      -7.303631052,      -9.886030288
          0,           0,         217,      -7.739544527,      -7.083594214,      -7.329146893,      -7.177829523,      -9.896850903
          0,           0,         218,      -7.839549396,      -7.089917679,      -7.340708179,      -7.285534622,      -9.895783691
          0,           0,         219,      -7.919948049,      -7.095443021,      -7.345406625,       -7.37741972,      -9.893759708
          0,           0,         220,      -7.900104044,       -7.10079766,      -7.344401728,      -7.349677271,      -9.890031911
          0,           0,         221,      -7.776280066,      -7.104092068,      -7.337413445,      -7.216158089,      -9.899830218
          0,           0,         222,      -7.880179292,      -7.110229825,      -7.349137335,      -7.327976963,      -9.898789062
          0,           0,         223,      -7.964236962,      -7.115550346,      -7.353916488,      -7.422522623,      -9.896817332
          0,           0,         224,      -7.943797906,      -7.120938336,      -7.352880782,      -7.394655419,      -9.893202048
          0,           0,         225,      -7.812692101,      -7.124305655,      -7.345697785,      -7.253399758,      -9.902096294
          0,           0,         226,      -7.920428041,      -7.130346081,      -7.357639096,      -7.369203857,      -9.901099183
          0,           0,         227,      -8.008030923,      -7.135541468,      -7.362539594,      -7.466644797,      -9.899215695
          0,           0,         228,      -7.987084435,      -7.140968489,      -7.361495473,      -7.438684712,      -9.895773677
          0,           0,         229,      -7.848559581,      -7.144407107,      -7.354177186,      -7.289687628,      -9.903893525
          0,           0,         230,      -7.959946641,      -7.150405329,      -7.366358238,      -7.409365591,      -9.902954505
          0,           0,         231,      -8.050774459,      -7.155523702,      -7.371404124,      -7.509828365,      -9.901184291
          0,           0,         232,      -8.029453136,      -7.160994112,       -7.37038125,      -7.481769869,       -9.89796023
          0,           0,         233,      -7.883696018,      -7.164513657,      -7.363010013,      -7.325086131,      -9.905437577
          0,           0,         234,      -7.998439449,      -7.170499775,      -7.375423631,      -7.448515655,      -9.904569512
          0,           0,         235,      -8.092014993,      -7.175569734,      -7.380623933,       -7.55200231,      -9.902940547
          0,           0,         236,      -8.070479084,      -7.181088819,       -7.37965696,      -7.523806839,      -9.900001334
          0,           0,         237,      -7.917963545,      -7.184709807,      -7.372331324,      -7.359605601,      -9.906970422
          0,           0,         238,      -8.035685246,      -7.190695353,      -7.384945389,       -7.48662558,      -9.906184957
          0,           0,         239,      -8.131419116,      -7.195733864,      -7.390296275,      -7.593003398,      -9.904712908
          0,           0,         240,      -8.109834639,      -7.201308683,      -7.389422521,      -7.564613911,      -9.902066655
          0,           0,         241,      -7.951271088,      -7.205060619,      -7.382250678,      -7.393226718,      -9.908639869
          0,           0,         242,      -8.071535382,      -7.211043549,       -7.39501355,      -7.523617274,      -9.907937329
          0,           0,         243,      -8.168763738,      -7.216060684,      -7.400500841,      -7.632617004,      -9.906632814
          0,           0,         244,      -8.147283337,      -7.221700015,      -7.399758231,      -7.603976434,      -9.904326909
          0,           0,         245,      -7.983565964,      -7.225618426,      -7.392851858,      -7.425925161,      -9.910616959
          0,           0,         246,       -8.10590246,      -7.231586977,      -7.405697975,      -7.559399994,      -9.910004559
          0,           0,         247,      -8.203919754,       -7.23658851,      -7.411299712,      -7.670625251,      -9.908875089
          0,           0,         248,      -8.182670531,      -7.242302115,      -7.410724918,      -7.641693443,      -9.906900814
          0,           0,         249,      -8.014825628,      -7.246425524,      -7.404193891,      -7.457690134,      -9.913002747
          0,           0,         250,      -8.138749116,      -7.252361371,      -7.417049202,      -7.593901817,      -9.912481589
          0,           0,         251,      -8.236839528,      -7.257350256,      -7.422738161,      -7.706851376,      -9.911530738
          0,           0,         252,      -8.215918141,      -7.263148137,      -7.422365211,      -7.677616562,      -9.909903428
          0,           0,         253,      -8.045052063,      -7.267515163,      -7.416313206,      -7.488534296,      -9.915900994
          0,           0,         254,      -8.170080447,      -7.273396103,      -7.429100096,      -7.627090152,      -9.915472237
          0,           0,         255,      -8.267549424,      -7.278373386,      -7.434846073,      -7.741191703,      -9.914702653
          0,           0,         256,       -8.24702257,      -7.284264916,      -7.434705242,      -7.711674779,      -9.913424476
          0,           0,         257,      -8.074268312,      -7.288911727,      -7.429226322,      -7.518495918,      -9.919389343
          0,           0,         258,      -8.199938731,      -7.294713991,      -7.441867866,      -7.658980069,      -9.919052487
          0,           0,         259,      -8.296143022,      -7.299679463,       -7.44763966,      -7.773630884,      -9.918463094
          0,           0,         260,      -8.276050759,      -7.305672743,      -7.447756698,      -7.743882655,      -9.917533113
          0,           0,         261,      -8.102515253,      -7.310631106,      -7.442932816,      -7.547635276,      -9.923526306
          0,           0,         262,       -8.22839778,       -7.31633133,      -7.455356301,      -7.689632212,      -9.923280089
          0,           0,         263,      -8.322770421,      -7.321284109,      -7.461123394,      -7.804240327,      -9.922868719
          0,           0,         264,      -8.303130667,      -7.327385528,       -7.46151911,      -7.774333668,      -9.922283315
          0,           0,         265,      -8.129847677,      -7.332681382,      -7.457418486,      -7.576028095,      -9.928356553
          0,           0,         266,      -8.255555505,      -7.338258216,      -7.469558161,       -7.71914381,      -9.928199168
          0,           0,         267,      -8.347622504,      -7.343197231,      -7.475292046,      -7.833163502,       -9.92796253
          0,           0,         268,       -8.32843562,      -7.349411167,      -7.475982104,       -7.80318297,      -9.927715745
          0,           0,         269,      -8.156329297,      -7.355063675,      -7.472658317,       -7.60375797,      -9.933912699
          0,           0,         270,      -8.281524643,      -7.360499002,      -7.484457419,      -7.747636207,      -9.933841994
          0,           0,         271,      -8.370911858,      -7.365423407,      -7.490132601,      -7.860593407,      -9.933776574
          0,           0,         272,      -8.352164891,      -7.371752167,      -7.491127584,      -7.830624798,      -9.933861808
          0,           0,         273,      -8.182027248,      -7.377773297,      -7.488619364,      -7.630909215,      -9.940219163
          0,           0,         274,      -8.306422738,      -7.383053101,       -7.50003145,      -7.775241779,      -9.940232964
          0,           0,         275,      -8.392853633,      -7.387962612,      -7.505626151,      -7.886747866,      -9.940333785
          0,           0,         276,      -8.374524097,      -7.394406486,      -7.506931799,      -7.856869486,      -9.940741745
          0,           0,         277,      -8.207006738,      -7.400800944,      -7.505263338,      -7.657560875,      -9.947290212
          0,           0,         278,      -8.330362983,      -7.405915813,         -7.516253,      -7.802092265,      -9.947385668
          0,           0,         279,      -8.413649508,      -7.410810922,      -7.521749578,      -7.911847126,      -9.947647771
          0,           0,         280,       -8.39570861,      -7.417368324,      -7.523367158,      -7.882123662,      -9.948369615
          0,           0,         281,       -8.23132677,       -7.42413378,      -7.522548893,      -7.683782475,      -9.955135453
          0,           0,         282,      -8.353446933,      -7.429079113,      -7.533091906,      -7.828309634,       -9.95531051
          0,           0,         283,      -8.433476411,      -7.433961217,      -7.538477033,      -7.936096486,      -9.955731288
          0,           0,         284,      -8.415891819,      -7.440628894,      -7.540403842,      -7.906575635,      -9.956762238
          0,           0,         285,      -8.255037188,      -7.447756467,       -7.54043367,      -7.709631454,      -9.963767461
          0,           0,         286,      -8.375759701,      -7.452532433,      -7.550516638,      -7.853999885,      -9.964018679
          0,           0,         287,        -8.4524804,      -7.457403905,      -7.555781244,      -7.959674992,      -9.964589463
          0,           0,         288,      -8.435218631,      -7.464177211,      -7.558011138,       -7.93038644,      -9.965912237
          0,           0,         289,      -8.278177196,      -7.471652177,      -7.558875657,      -7.735152086,      -9.973174372
          0,           0,         290,      -8.397368345,      -7.476263406,       -7.56849535,      -7.879250009,      -9.973498077
          0,           0,         291,      -8.470775556,      -7.481127509,      -7.573634448,      -7.982729523,      -9.974213188
          0,           0,         292,      -8.453803744,      -7.488000663,       -7.57615841,      -7.953685573,      -9.975818038
          0,           0,         293,      -8.300775722,      -7.495803207,      -7.577834672,      -7.760376101,      -9.983354215
          0,           0,         294,      -8.418321642,      -7.500258367,      -7.586996948,      -7.904126484,      -9.983747847
          0,           0,         295,      -8.488445652,      -7.505119198,      -7.592009266,       -8.00537316,      -9.984602028
          0,           0,         296,        -8.4717333,      -7.512085557,      -7.594816029,      -7.976570797,      -9.986482474
          0,           0,         297,      -8.322851912,      -7.520191646,      -7.597273207,      -7.785323325,      -9.994306679
          0,           0,         298,       -8.43865211,      -7.524502907,      -7.605991799,      -7.928676107,      -9.994769114
          0,           0,         299,      -8.505548535,       -7.52936527,      -7.610879375,      -8.027686894,      -9.995763007
          0,           0,         300,      -8.489068772,      -7.536417607,      -7.613956052,      -7.999110322,      -9.997921269
          0,           0,         301,      -8.344417156,        -7.5447999,      -7.617157378,      -7.810003657,      -10.00604426
          0,           0,         302,       -8.45837908,      -7.548982405,       -7.62545248,      -7.952927907,      -10.00657602
          0,           0,         303,      -8.522121815,      -7.553851743,      -7.630220122,      -8.049723763,      -10.00771093
          0,           0,         304,      -8.505852604,      -7.560982513,      -7.633552791,      -8.021347489,      -10.01015361
          0,           0,         305,      -8.365477547,      -7.569611325,       -7.63745721,      -7.834419512,      -10.01858187
          0,           0,         306,      -8.477513573,      -7.573682586,      -7.645354082,      -7.976897333,      -10.01918701
          0,           0,         307,      -8.538189587,      -7.578564826,      -7.650008874,      -8.071514903,      -10.02046902
          0,           0,         308,      -8.522114301,      -7.585766402,      -7.653583105,      -8.043306528,       -10.0232022
          0,           0,         309,      -8.386036855,      -7.594610661,      -7.658146982,      -7.858568844,      -10.03194352
          0,           0,         310,      -8.496062554,      -7.598590012,      -7.665674544,      -8.000590052,      -10.03262549
          0,           0,         311,      -8.553768581,      -7.603491476,      -7.670225307,      -8.093076128,      -10.03406002
          0,           0,         312,      -8.537876514,      -7.610756415,      -7.674026615,      -8.064999221,      -10.03708305
          0,           0,         313,      -8.406099357,      -7.619784599,      -7.679205003,      -7.882448104,      -10.04613435
          0,           0,         314,      -8.514033694,      -7.623692589,      -7.686394591,      -8.024006686,       -10.0468871
          0,           0,         315,      -8.568874022,      -7.628619834,      -7.690851354,       -8.11441461,      -10.04846012
          0,           0,         316,      -8.553160495,      -7.635941059,      -7.694865268,      -8.086431013,      -10.05174847
          0,           0,         317,      -8.425672847,      -7.645121826,      -7.700612481,      -7.906054987,      -10.06110237
          0,           0,         318,      -8.531438709,      -7.648979373,      -7.707496936,        -8.0471452,      -10.06192288
          0,           0,         319,      -8.583523227,      -7.653938784,      -7.711870622,      -8.135531297,      -10.06362738
          0,           0,         320,      -8.567989663,      -7.661309553,       -7.71608292,       -8.10760357,      -10.06716411
          0,           0,         321,       -8.44477031,      -7.670612017,      -7.722353837,       -7.92938957,      -10.07681861
          0,           0,         322,      -8.548294288,      -7.674439876,       -7.72896649,      -8.070001038,      -10.07769998
          0,           0,         323,      -8.597737287,      -7.679437573,      -7.733268538,      -8.156422208,      -10.07952498
          0,           0,         324,       -8.58239133,      -7.686851579,       -7.73766559,      -8.128516408,      -10.08329456
          0,           0,         325,      -8.463409916,      -7.696245858,      -7.744416612,      -7.952454174,      -10.09325384
          0,           0,         326,      -8.564623819,      -7.700064182,      -7.750790569,      -8.092569499,      -10.09419297
          0,           0,         327,      -8.611542602,       -7.70510594,       -7.75503271,       -8.17708107,      -10.09613361
          0,           0,         328,      -8.596397543,       -7.71255747,       -7.75960181,      -8.149168787,      -10.10013064
          0,           0,         329,      -8.481615842,      -7.722015263,      -7.766791773,      -7.975254819,      -10.11040179
          0,           0,         330,      -8.580458355,      -7.725843374,      -7.772959239,      -8.114848729,      -10.11139845
          0,           0,         331,      -8.624971898,      -7.730934667,      -7.777153202,      -8.197503635,      -10.11345614
          0,           0,         332,      -8.610045634,      -7.738418741,      -7.781882747,      -8.169563004,      -10.11768296
          0,           0,         333,      -8.499417978,      -7.747913799,      -7.789473501,      -7.997801965,      -10.12827211
          0,           0,         334,      -8.595836412,      -7.751770086,      -7.795465244,        -8.1368419,      -10.12932438
          0,           0,         335,      -8.638064271,      -7.756916135,      -7.799622491,      -8.217691349,      -10.13149227
          0,           0,         336,       -8.62337789,      -7.764428575,      -7.804501955,      -8.189706998,      -10.13593447
          0,           0,         337,      -8.516851282,      -7.773937064,      -7.812458277,      -8.020111082,      -10.14684393
          0,           0,         338,      -8.610804364,      -7.777838835,      -7.818303397,      -8.158560497,      -10.14795011
          0,           0,         339,      -8.650864978,      -7.783044475,      -7.822434986,      -8.237654482,      -10.15022723
          0,           0,         340,      -8.636440902,      -7.790581875,      -7.827454851,      -8.209616311,      -10.15488581
          0,           0,         341,      -8.533955287,      -7.800082461,      -7.835744816,      -8.042203546,         -10.16612
          0,           0,         342,      -8.625413578,      -7.804045953,      -7.841470438,      -8.180023158,      -10.16728026
          0,           0,         343,      -8.663423548,      -7.809315717,      -7.845586863,       -8.25741252,      -10.16966651
          0,           0,         344,      -8.649285022,      -7.816875456,      -7.850738668,      -8.229316054,      -10.17453994
          0,           0,         345,      -8.550773211,       -7.82634952,      -7.859333605,      -8.064106762,      -10.18610176
          0,           0,         346,      -8.639719918,      -7.830389786,      -7.864964797,      -8.201257338,      -10.18731559
          0,           0,         347,      -8.675793044,      -7.835727896,      -7.869075922,      -8.276995448,      -10.18981175
          0,           0,         348,      -8.661963698,      -7.843308158,      -7.874352224,      -8.248841835,      -10.19490018
          0,           0,         349,      -8.567352234,      -7.852739948,      -7.883226713,      -8.085855213,      -10.20679175
          0,           0,         350,      -8.653782639,      -7.856870675,       -7.88878648,      -8.222299674,      -10.20805926
          0,           0,         351,       -8.68802864,      -7.862281008,      -7.892901514,      -8.296443221,      -10.21066107
          0,           0,         352,      -8.674532197,      -7.869880823,      -7.898295818,      -8.268239032,      -10.21595743
          0,           0,         353,      -8.583742374,      -7.879257619,      -7.907427444,      -8.107489666,      -10.22817918
          0,           0,         354,      -8.667662658,      -7.883490931,      -7.912936826,      -8.243195189,      -10.22949995
          0,           0,         355,      -8.700185738,      -7.888976927,      -7.917064311,      -8.315804095,      -10.23221135
          0,           0,         356,      -8.687045356,      -7.896596132,      -7.922570998,      -8.287560118,      -10.23772868
          0,           0,         357,      -8.599994307,      -7.905908104,      -7.931940462,       -8.12905516,      -10.25028242
          0,           0,         358,      -8.681419252,      -7.910254571,      -7.937418508,      -8.263993928,      -10.25165977
          0,           0,         359,      -8.712317413,      -7.915819323,      -7.941566286,      -8.335131701,       -10.2544834
          0,           0,         360,      -8.699555318,      -7.923458539,      -7.947180626,      -8.306862049,      -10.26021642
          0,           0,         361,      -8.616157113,      -7.932698883,      -7.956771333,      -8.150599077,       -10.2731026
          0,           0,         362,      -8.695109168,      -7.937167563,      -7.962235254,      -8.284750939,      -10.27453555
          0,           0,         363,      -8.724473354,      -7.942813788,      -7.966410476,      -8.354484382,      -10.27747014
          0,           0,         364,       -8.71211015,      -7.950474416,      -7.972128426,      -8.326204941,      -10.28341779
          0,           0,         365,      -8.632277573,      -7.959639217,      -7.981926251,      -8.172171096,      -10.29663379
          0,           0,         366,       -8.70878506,      -7.964237647,      -7.987391571,      -8.305524886,       -10.2981223
          0,           0,         367,      -8.736698465,      -7.969967621,      -7.991600727,      -8.373923307,      -10.30116629
          0,           0,         368,      -8.724752913,        -7.9776517,      -7.997418834,      -8.345650628,      -10.30732349
          0,           0,         369,      -8.648399001,      -7.986739525,       -8.00741183,      -8.193821746,      -10.32086336
          0,           0,         370,      -8.722493364,      -7.991473689,      -8.012892486,      -8.326374311,       -10.3224047
          0,           0,         371,      -8.749031472,      -7.997289196,      -8.017141412,      -8.393508615,      -10.32555232
          0,           0,         372,       -8.73752075,      -8.004999201,      -8.023056713,      -8.365259381,      -10.33190531
          0,           0,         373,      -8.664560109,      -8.014010699,        -8.0332348,      -8.215600235,       -10.3457638
          0,           0,         374,      -8.736273424,      -8.018884961,      -8.038743323,      -8.347354678,      -10.34735312
          0,           0,         375,      -8.761504173,      -8.024787277,      -8.043037265,      -8.413295851,       -10.3505966
          0,           0,         376,       -8.75044414,      -8.032526125,      -8.049047224,      -8.385086983,      -10.35713541
          0,           0,         377,      -8.680794196,      -8.041464044,       -8.05940209,      -8.237553334,      -10.37131132
          0,           0,         378,      -8.750157671,      -8.046481265,      -8.064949744,      -8.368518255,      -10.37294624
          0,           0,         379,      -8.774141571,      -8.052471244,      -8.069293427,      -8.433336046,      -10.37628185
          0,           0,         380,      -8.763546488,      -8.060242318,      -8.075395944,      -8.405184142,      -10.38300177
          0,           0,         381,      -8.697127901,      -8.069111213,      -8.085920895,      -8.259724031,      -10.39749772
          0,           0,         382,       -8.76417127,      -8.074273056,      -8.091517718,      -8.389913816,      -10.39917747
          0,           0,         383,      -8.786961944,      -8.080351203,      -8.095915301,      -8.453676271,      -10.40260502
          0,           0,         384,      -8.776844076,      -8.088158157,      -8.102108617,       -8.42559641,      -10.40950695
          0,           0,         385,      -8.713580701,      -8.096964051,      -8.112798377,      -8.282150838,      -10.42432651
          0,           0,         386,      -8.778332317,      -8.102271361,      -8.118453267,      -8.411586367,      -10.42605172
          0,           0,         387,      -8.799977378,      -8.108437947,      -8.122908355,      -8.474360024,      -10.42957201
          0,           0,         388,       -8.79034691,      -8.116284631,      -8.129191021,      -8.446365237,      -10.43665952
          0,           0,         389,      -8.730166136,      -8.125034778,       -8.14004159,      -8.304869349,      -10.45180631
          0,           0,         390,      -8.792652869,      -8.130487826,      -8.145762382,      -8.433578225,      -10.45357957
          0,           0,         391,       -8.81319481,      -8.136742972,      -8.150278059,      -8.495428584,       -10.4571992
          0,           0,         392,      -8.804060231,       -8.14463341,      -8.156648941,      -8.467530366,      -10.46448886
          0,           0,         393,      -8.746893643,      -8.153336278,      -8.167657683,       -8.32791462,      -10.47996844
          0,           0,         394,      -8.807139944,      -8.158934823,      -8.173451137,      -8.455930276,      -10.48179678
          0,           0,         395,      -8.826616938,      -8.165278617,      -8.178029959,      -8.516922293,      -10.48552943
          0,           0,         396,        -8.8179856,      -8.173217049,       -8.18448833,      -8.489131449,      -10.49304299
          0,           0,         397,      -8.763769229,      -8.181882462,      -8.195653915,      -8.351321893,      -10.50885687
          0,           0,         398,      -8.821796311,      -8.187625664,      -8.201525697,      -8.478682869,      -10.51074408
          0,           0,         399,      -8.840242768,      -8.194058215,      -8.206169634,      -8.538881071,      -10.51459277
          0,           0,         400,       -8.83212113,      -8.202049153,      -8.212714988,      -8.511207875,      -10.52232418
          0,           0,         401,      -8.780795321,      -8.210688345,      -8.224036518,      -8.375125979,      -10.53846079
          0,           0,         402,      -8.836621528,      -8.216574427,      -8.229991498,      -8.501876479,      -10.54040277
          0,           0,         403,      -8.854067986,      -8.223095491,      -8.234701979,       -8.56134353,      -10.54435899
          0,           0,         404,      -8.846461253,      -8.231143555,      -8.241333594,      -8.533796804,      -10.55229167
          0,           0,         405,      -8.797970445,      -8.239768572,      -8.252810052,      -8.399360001,      -10.56873692
          0,           0,         406,      -8.851610867,       -8.24579451,      -8.258852524,      -8.525547885,       -10.5707282
          0,           0,         407,      -8.868084379,      -8.252403151,       -8.26363054,      -8.584343222,      -10.57478158
          0,           0,         408,      -8.860996517,      -8.260512786,      -8.270347375,       -8.55693035,      -10.58289619
          0,           0,         409,      -8.815288511,      -8.269135845,      -8.281977571,      -8.424053065,       -10.5996396
          0,           0,         410,      -8.866754868,      -8.275297272,      -8.288111352,       -8.54972691,      -10.60167434
          0,           0,         411,      -8.882279882,      -8.281991782,      -8.292957573,      -8.607905872,      -10.60581454
          0,           0,         412,      -8.875713735,      -8.290167124,      -8.299758406,      -8.580633552,      -10.61409482
          0,           0,         413,      -8.832738923,      -8.298800315,      -8.311541212,      -8.449229323,      -10.63113038
          0,           0,         414,       -8.88204003,      -8.305091581,      -8.317769704,      -8.574436068,      -10.63320444
          0,           0,         415,       -8.89663914,      -8.311869568,       -8.32268457,      -8.632048877,      -10.63742499
          0,           0,         416,      -8.890596367,      -8.320114479,       -8.32956818,      -8.604923845,      -10.64601149
          0,           0,         417,      -8.889132323,      -8.328030951,       -8.33805045,      -8.590138059,      -10.65445963
          0,           0,         418,      -8.855314705,      -8.337208627,      -8.350186207,      -8.481495417,      -10.67184813
          0,           0,         419,      -8.901350905,      -8.343768116,      -8.356452197,      -8.605177336,      -10.67396643
          0,           0,         420,      -8.915124101,      -8.350714808,      -8.361329816,      -8.663746688,      -10.67828125
          0,           0,         421,      -8.909473834,      -8.358982172,      -8.368299296,       -8.63568692,       -10.6870565
          0,           0,         422,      -8.908958744,      -8.366974257,      -8.376957648,      -8.622893049,        -10.695698
          0,           0,         423,      -8.878263482,      -8.376242346,      -8.389281124,      -8.516076908,      -10.71344788
          0,           0,         424,      -8.921421932,      -8.382919088,      -8.395663737,      -8.639205074,      -10.71561352
          0,           0,         425,      -8.933986724,      -8.389954474,      -8.400612047,      -8.697064073,      -10.72002737
          0,           0,         426,      -8.929082136,      -8.398325848,      -8.407665332,      -8.669314053,      -10.72899565
          0,           0,         427,      -8.928962906,      -8.406416027,      -8.416446564,      -8.656777108,      -10.73783265
          0,           0,         428,      -8.900983017,      -8.415739151,      -8.428933405,      -8.550753955,      -10.75594566
          0,           0,         429,      -8.941458689,      -8.422521114,      -8.435444246,      -8.673632581,      -10.75815892
          0,           0,         430,      -8.952906141,      -8.429631927,      -8.440469748,      -8.730912284,      -10.76267203
          0,           0,         431,      -8.948676877,      -8.438087511,       -8.44761203,      -8.703279954,      -10.77183455
          0,           0,         432,       -8.94898954,      -8.446262548,      -8.456532107,       -8.69111169,      -10.78086962
          0,           0,         433,      -8.923829193,      -8.455650939,      -8.469210108,      -8.586372953,      -10.79934848
          0,           0,         434,      -8.961603621,      -8.462542344,      -8.475848103,      -8.708935599,      -10.80161062
          0,           0,         435,      -8.971987603,      -8.469732114,      -8.480951633,      -8.765732279,      -10.80622558
          0,           0,         436,      -8.968444652,      -8.478286617,      -8.488186621,      -8.738409921,      -10.81558562
          0,           0,         437,      -8.969157845,      -8.486562512,      -8.497244308,      -8.726674752,       -10.8249608
          0,           0,         438,      -8.973489353,      -8.495470931,      -8.506516325,      -8.732798504,      -10.83423344
          0,           0,         439,      -8.950525207,      -8.505068964,      -8.519057296,      -8.628043329,      -10.85314954
          0,           0,         440,      -8.985680556,      -8.512100206,      -8.525907667,      -8.751484613,      -10.85547375
          0,           0,         441,      -8.995020161,      -8.519362468,      -8.531122085,      -8.808115779,      -10.86021648
          0,           0,         442,      -8.992466031,       -8.52801572,      -8.538492089,      -8.782378541,      -10.86981845
          0,           0,         443,      -8.993588092,      -8.536401042,      -8.547709791,      -8.771118779,      -10.87943287
          0,           0,         444,      -8.998027191,      -8.545444393,      -8.557148781,      -8.777946954,      -10.88895033
          0,           0,         445,      -8.978418693,      -8.555225901,      -8.569898397,      -8.674734404,       -10.9082992
          0,           0,         446,      -9.010143669,      -8.562324311,      -8.576883296,      -8.797539642,      -10.91068422
